{
    "timestamp": "2025-06-20T14:45:03.162905Z",
    "projects": {
        "FPS_Module": {
            "status": "Initializing",
            "details": {
                "maps": [
                    "airfield",
                    "bunker",
                    "city block",
                    "covert outpost",
                    "underground"
                ],
                "kit_loadouts": [
                    "rifleman",
                    "SMG scout",
                    "support gunner",
                    "marksman",
                    "breacher",
                    "commander"
                ],
                "ai_logic": "Goose AI - FPS adaptive protocol",
                "integration": [
                    "CerberusNet",
                    "DCS \u2194 FPS transitions"
                ],
                "phase": "Phase 1 underway"
            }
        },
        "DCS_Mods": {
            "status": "Active",
            "modules": [
                "F-15E",
                "AH-64",
                "CH-47",
                "F-14",
                "F/A-18C"
            ],
            "features": [
                "Goose AI",
                "Avionics cleanup",
                "Datalink sync",
                "RIO enhancement",
                "System restoration"
            ]
        },
        "CerberusOpsCore": {
            "status": "Prototype ready",
            "features": [
                "DCS server launch",
                "Terrain toggles",
                "Web GUI launch",
                "Updater integration"
            ],
            "next_steps": [
                "Profile saving",
                "Telemetry",
                "PyInstaller build"
            ]
        },
        "CerberusNet": {
            "status": "Foundational",
            "integration_targets": [
                "DCS",
                "FPS",
                "Voice comms"
            ],
            "future_expansion": [
                "Voice mesh",
                "Streaming",
                "Encrypted tactical chat"
            ]
        }
    },
    "notes": "Initial memory snapshot for all active projects under Cerberus-Syndicate. Secured and timestamped for recovery."
}